problem_size,elapsed_time
8388608,0.00462177
16777216,0.00937248
33554432,0.01965162
67108864,0.03852453
134217728,0.07641803
268435456,0.15166016
