problem_size,elapsed_time
8388608,0.81590879
16777216,1.95859953
33554432,4.20649825
67108864,8.87255208
134217728,18.63675755
268435456,39.35847648
