problem_size,elapsed_time
8388608,0.00065571
16777216,0.00130621
33554432,0.00261228
67108864,0.00521766
134217728,0.01043246
268435456,0.02087915
